{
  "resources": [
    "GameAudio.ogg",
    "GameAudio.m4a",
    "GameAudio.mp3",
    "GameAudio.ac3"
  ],
  "spritemap": {
    "demo_loop": {
      "start": 0,
      "end": 51.99780045351474,
      "loop": false
    },
    "enter_game": {
      "start": 53.5,
      "end": 58.90734693877551,
      "loop": false
    },
    "gameplay_loop": {
      "start": 61,
      "end": 574.8808163265306,
      "loop": true
    },
    "level_end": {
      "start": 576.5,
      "end": 578.0673469387755,
      "loop": false
    },
    "main_loop": {
      "start": 580,
      "end": 699.614693877551,
      "loop": true
    },
    "move": {
      "start": 701.5,
      "end": 701.8395918367347,
      "loop": false
    },
    "move_blocked": {
      "start": 704,
      "end": 704.2351020408163,
      "loop": false
    },
    "switch_toggle": {
      "start": 706.5,
      "end": 706.944081632653,
      "loop": false
    }
  }
}