{
  "resources": [
    "GameAudio.ogg",
    "GameAudio.m4a",
    "GameAudio.mp3",
    "GameAudio.ac3"
  ],
  "spritemap": {
    "enter_game": {
      "start": 0,
      "end": 5.40734693877551,
      "loop": false
    },
    "exit_game": {
      "start": 7,
      "end": 8.56734693877551,
      "loop": false
    },
    "gameplay_loop": {
      "start": 10,
      "end": 523.8808163265306,
      "loop": false
    },
    "level_complete": {
      "start": 525,
      "end": 526.5673469387755,
      "loop": false
    },
    "main_loop": {
      "start": 528,
      "end": 647.614693877551,
      "loop": false
    },
    "move": {
      "start": 649,
      "end": 649.3395918367347,
      "loop": false
    },
    "move_blocked": {
      "start": 651,
      "end": 651.2351020408163,
      "loop": false
    },
    "pack_complete": {
      "start": 653,
      "end": 654.5673469387755,
      "loop": false
    },
    "reset_level": {
      "start": 656,
      "end": 657.5673469387755,
      "loop": false
    },
    "switch_toggle": {
      "start": 659,
      "end": 659.444081632653,
      "loop": false
    }
  }
}