{
  "resources": [
    "GameAudio.ogg",
    "GameAudio.m4a",
    "GameAudio.mp3",
    "GameAudio.ac3"
  ],
  "spritemap": {
    "enter_game": {
      "start": 0,
      "end": 5.40734693877551,
      "loop": false
    },
    "exit_game": {
      "start": 7,
      "end": 7.914285714285715,
      "loop": false
    },
    "gameplay_loop": {
      "start": 9,
      "end": 522.8808163265306,
      "loop": true
    },
    "level_complete": {
      "start": 524,
      "end": 526.0114285714286,
      "loop": false
    },
    "main_loop": {
      "start": 528,
      "end": 647.614693877551,
      "loop": true
    },
    "move": {
      "start": 649,
      "end": 649.3395918367347,
      "loop": false
    },
    "move_blocked": {
      "start": 651,
      "end": 651.2231065759637,
      "loop": false
    },
    "pack_complete": {
      "start": 653,
      "end": 658.6424489795918,
      "loop": false
    },
    "reset_level": {
      "start": 660,
      "end": 662.7951020408163,
      "loop": false
    },
    "switch_toggle": {
      "start": 664,
      "end": 664.4320861678004,
      "loop": false
    }
  }
}